{
    "first_responders": {
        "ABC1": {
            "start":[40.19974408549257, 29.05039762947836],
            "waypoints_delay":[[40.19928962974626, 29.051014664225086,5],[40.20018171336819, 29.050713489378193,5],[40.19995159016422, 29.049529866352316,5]],
            "speed":12,
            "close_loop": 1
        },
        "ABC2": {
            "start":[40.19974408549257, 29.05039762947836],
            "waypoints_delay":[[40.19812906367656, 29.052377416783496,5],[40.199161436379285, 29.054772447508192,5],[40.20032920048163, 29.05300220447426,5]],
            "speed":12,
            "close_loop": 1
        },
        "ABC3": {
            "start":[40.19974408549257, 29.05039762947836],
            "waypoints_delay":[[40.19812906367656, 29.052377416783496,5],[40.199161436379285, 29.054772447508192,5],[40.20032920048163, 29.05300220447426,5]],
            "speed":12,
            "close_loop": 1
        },
        "ABC4": {
            "start":[40.19974408549257, 29.05039762947836],
            "waypoints_delay":[[40.19812906367656, 29.052377416783496,5],[40.199161436379285, 29.054772447508192,5],[40.20032920048163, 29.05300220447426,5]],
            "speed":12,
            "close_loop": 1
        },
        "ABC5": {
            "start":[40.19974408549257, 29.05039762947836],
            "waypoints_delay":[[40.19812906367656, 29.052377416783496,5],[40.199161436379285, 29.054772447508192,5],[40.20032920048163, 29.05300220447426,5]],
            "speed":12,
            "close_loop": 1
        },
        "okan": {
            "start":[40.19974408549257, 29.05039762947836],
            "waypoints_delay":[[40.19812906367656, 29.052377416783496,5],[40.199161436379285, 29.054772447508192,5],[40.20032920048163, 29.05300220447426,5]],
            "speed":2,
            "close_loop": 1
        },
        "ABC6": {
            "start":[40.19974408549257, 29.05039762947836],
            "waypoints_delay":[[40.19812906367656, 29.052377416783496,5],[40.199161436379285, 29.054772447508192,5],[40.20032920048163, 29.05300220447426,5]],
            "speed":2,
            "close_loop": 1
        }
    },
    "uavs": {
        "ads_a": {
            "start":[40.19973517329597, 29.051198043689503,968],
            "waypoints_delay":[[40.19981705847577, 29.05235672535999,980,5],[40.19977614295444, 29.049288263756747,980,20]],
            "speed":40,
            "close_loop": 1
        },
        "vsas_b": {
            "start":[40.19973517329597, 29.051198043689503,968],
            "waypoints_delay":[[40.19981705847577, 29.05235672535999,980,5],[40.19977614295444, 29.049288263756747,980,20]],
            "speed":40,
            "close_loop": 1
        },
        "cds_c": {
            "start":[0,0,0],
            "waypoints_delay":[[0,0,0,5],[0,0,0,20]],
            "speed":40,
            "close_loop": 1
        }
    }
}