{
    "first_responders": {
        "ABC1": {
            "start":[40.225539, 29.073039],
            "waypoints_delay":[[40.225539, 29.073039,1],[40.225767, 29.072051,5]],
            "speed":3,
            "close_loop": 0
        },
        "ABC2": {
            "start":[40.225539, 29.073039],
            "waypoints_delay":[[40.225539, 29.073039,1],[40.225411, 29.074189,5]],
            "speed":4,
            "close_loop": 0
        },
        "ABC3": {
            "start":[40.225539, 29.073039],
            "waypoints_delay":[[40.225539, 29.073039,1],[40.224555, 29.071634,5]],
            "speed":5,
            "close_loop": 0
        },
        "ABC4": {
            "start":[40.225539, 29.073039],
            "waypoints_delay":[[40.225539, 29.073039,1],[40.224555, 29.071634,5]],
            "speed":6,
            "close_loop": 0
        },
        "ABC5": {
            "start":[40.225539, 29.073039],
            "waypoints_delay":[[40.225539, 29.073039,1],[40.225411, 29.074189,5]],
            "speed":6,
            "close_loop": 0
        },
        "ABC6": {
            "start":[40.225539, 29.073039],
            "waypoints_delay":[[40.225539, 29.073039,1],[40.224555, 29.071634,5]],
            "speed":6,
            "close_loop": 0
        },
        "ABC7": {
            "start":[40.225539, 29.073039],
            "waypoints_delay":[[40.225539, 29.073039,1],[40.224555, 29.071634,5]],
            "speed":6,
            "close_loop": 0
        }
    },
    "uavs": {
        "ads_a": {
            "start":[40.225539, 29.073039,968],
            "waypoints_delay":[[40.225539, 29.073039,980,5],[40.224632, 29.073331,980,20]],
            "speed":2,
            "close_loop": 0
        },
        "vsas_b": {
            "start":[40.225539, 29.073039,968],
            "waypoints_delay":[[40.225539, 29.073039,980,5],[40.224555, 29.071634,980,20]],
            "speed":2,
            "close_loop": 0
        },
        "cds_c": {
            "start":[40.225539, 29.073039,968],
            "waypoints_delay":[[40.225539, 29.073039,980,5],[40.225539, 29.073039,980,20]],
            "speed":2,
            "close_loop": 1
        },
        "vsas_d": {
            "start":[40.225539, 29.073039,968],
            "waypoints_delay":[[40.225539, 29.073039,980,5],[40.224632, 29.073331,980,20]],
            "speed":2,
            "close_loop": 0
        }

    }

}