{
    "first_responders": {
        "ABC": {
            "start":[48.001034990671684,7.846585441552117],
            "waypoints_delay":[[48.001034990671684,7.846585441552117,5],[48.001034990671684,7.846585441552117,3]],
            "speed":3,
            "close_loop": 0
        },
        "DEF": {
            "start":[48.001034990671684,7.846585441552117],
            "waypoints_delay":[[48.001034990671684,7.846585441552117,5],[48.001034990671684,7.846585441552117,3]],
            "speed":4,
            "close_loop": 0
        },
        "GHI": {
            "start":[48.001034990671684,7.846585441552117],
            "waypoints_delay":[[48.001034990671684,7.846585441552117,5],[48.001034990671684,7.846585441552117,3]],
            "speed":5,
            "close_loop": 0
        },
        "JKL": {
            "start":[48.001034990671684,7.846585441552117],
            "waypoints_delay":[[48.001034990671684,7.846585441552117,5],[48.001034990671684,7.846585441552117,3]],
            "speed":6,
            "close_loop": 0
        }
    },
    "uavs": {
        "ads_a": {
            "start":[48.001034990671684,7.846585441552117,968],
            "waypoints_delay":[[48.00103499068,7.846585854413,980,30]],
            "speed":2,
            "close_loop": 0
        },
        "vsas_b": {
            "start":[48.001034990671684,7.846585441552117,968],
            "waypoints_delay":[[48.00103499068,7.8465854413,980,30]],
            "speed":2,
            "close_loop": 0
        }

    }

}