{
    "first_responders": {
        "P1": {
            "start":[40.225551840756516, 29.073118042521507],
            "waypoints_delay":[[40.22566560476158, 29.073060649158695,1],[40.22567856394856, 29.072734298474476,5],[40.22553516762923, 29.07255835272027,10]],
            "speed":8,
            "close_loop": 1
        },
        "P2": {
            "start":[40.225551840756516, 29.073118042521507],
            "waypoints_delay":[[40.22566560476158, 29.073060649158695,1],[40.22567856394856, 29.072734298474476,5],[40.22553516762923, 29.07255835272027,10]],
            "speed":8,
            "close_loop": 1
        },
        "P3": {
            "start":[40.225551840756516, 29.073118042521507],
            "waypoints_delay":[[40.22566560476158, 29.073060649158695,1],[40.22567856394856, 29.072734298474476,5],[40.22553516762923, 29.07255835272027,10]],
            "speed":8,
            "close_loop": 1
        }
    },
    "uavs": {
        "D1": {
            "start":[40.225551840756516, 29.073118042521507,10],
            "waypoints_delay":[[40.225223375040116, 29.072902650517257,10,5],[40.225223375040116, 29.072902650517257,10,20]],
            "speed":40,
            "close_loop": 1
        },
        "D2": {
            "start":[40.225551840756516, 29.073118042521507,10],
            "waypoints_delay":[[40.22566560476158, 29.073060649158695,10,5],[40.22553516762923, 29.07255835272027,10,20]],
            "speed":40,
            "close_loop": 1
        }

    }

}