{
    "first_responders": {
        "ABC1": {
            "start":[40.225539, 29.073039],
            "waypoints_delay":[[40.225539, 29.073039,1],[40.225767, 29.072051,5]],
            "speed":3,
            "close_loop": 1
        },
        "ABC2": {
            "start":[40.225539, 29.073039],
            "waypoints_delay":[[40.225539, 29.073039,1],[40.225767, 29.072051,5]],
            "speed":3,
            "close_loop": 1
        },
        "ABC3": {
            "start":[40.225539, 29.073039],
            "waypoints_delay":[[40.225539, 29.073039,1],[40.225767, 29.072051,5]],
            "speed":3,
            "close_loop": 1
        },
        "ABC4": {
            "start":[40.225539, 29.073039],
            "waypoints_delay":[[40.225539, 29.073039,1],[40.225767, 29.072051,5]],
            "speed":3,
            "close_loop": 1
        },
        "ABC5": {
            "start":[40.225539, 29.073039],
            "waypoints_delay":[[40.225539, 29.073039,1],[40.226184, 29.072641,5]],
            "speed":3,
            "close_loop": 1
        },
        "ABC6": {
            "start":[40.225539, 29.073039],
            "waypoints_delay":[[40.225539, 29.073039,1],[40.226184, 29.072641,5]],
            "speed":3,
            "close_loop": 1
        },
        "ABC7": {
            "start":[40.225539, 29.073039],
            "waypoints_delay":[[40.225539, 29.073039,1],[40.226184, 29.072641,5]],
            "speed":3,
            "close_loop": 1
        },
        "ABC8": {
            "start":[40.225539, 29.073039],
            "waypoints_delay":[[40.225539, 29.073039,1],[40.226184, 29.072641,5]],
            "speed":3,
            "close_loop": 1
        },
        "ABC9": {
            "start":[40.225539, 29.073039],
            "waypoints_delay":[[40.225539, 29.073039,1],[40.226367, 29.073258,5]],
            "speed":3,
            "close_loop": 1
        },
        "ABC10": {
            "start":[40.225539, 29.073039],
            "waypoints_delay":[[40.225539, 29.073039,1],[40.226367, 29.073258,5]],
            "speed":3,
            "close_loop": 1
        },
        "ABC11": {
            "start":[40.225539, 29.073039],
            "waypoints_delay":[[40.225539, 29.073039,1],[40.226367, 29.073258,5]],
            "speed":3,
            "close_loop": 1
        },
        "ABC12": {
            "start":[40.225539, 29.073039],
            "waypoints_delay":[[40.225539, 29.073039,1],[40.226367, 29.073258,5]],
            "speed":3,
            "close_loop": 1
        },
        "ABC13": {
            "start":[40.225539, 29.073039],
            "waypoints_delay":[[40.225539, 29.073039,1],[40.226044, 29.073970,5]],
            "speed":3,
            "close_loop": 1
        },
        "ABC14": {
            "start":[40.225539, 29.073039],
            "waypoints_delay":[[40.225539, 29.073039,1],[40.226044, 29.073970,5]],
            "speed":3,
            "close_loop": 1
        },
        "ABC15": {
            "start":[40.225539, 29.073039],
            "waypoints_delay":[[40.225539, 29.073039,1],[40.226044, 29.073970,5]],
            "speed":3,
            "close_loop": 1
        },
        "ABC16": {
            "start":[40.225539, 29.073039],
            "waypoints_delay":[[40.225539, 29.073039,1],[40.225411, 29.074189,5]],
            "speed":3,
            "close_loop": 1
        },
        "ABC17": {
            "start":[40.225539, 29.073039],
            "waypoints_delay":[[40.225539, 29.073039,1],[40.225411, 29.074189,5]],
            "speed":3,
            "close_loop": 1
        },
        "ABC18": {
            "start":[40.225539, 29.073039],
            "waypoints_delay":[[40.225539, 29.073039,1],[40.225411, 29.074189,5]],
            "speed":3,
            "close_loop": 1
        },
        "ABC19": {
            "start":[40.225539, 29.073039],
            "waypoints_delay":[[40.225539, 29.073039,1],[40.225411, 29.074189,5]],
            "speed":3,
            "close_loop": 1
        },
        "ABC20": {
            "start":[40.225539, 29.073039],
            "waypoints_delay":[[40.225539, 29.073039,1],[40.224632, 29.073331,5]],
            "speed":3,
            "close_loop": 1
        },
        "ABC21": {
            "start":[40.225539, 29.073039],
            "waypoints_delay":[[40.225539, 29.073039,1],[40.224632, 29.073331,5]],
            "speed":3,
            "close_loop": 1
        },
        "ABC22": {
            "start":[40.225539, 29.073039],
            "waypoints_delay":[[40.225539, 29.073039,1],[40.224632, 29.073331,5]],
            "speed":3,
            "close_loop": 1
        },
        "ABC23": {
            "start":[40.225539, 29.073039],
            "waypoints_delay":[[40.225539, 29.073039,1],[40.224632, 29.073331,5]],
            "speed":3,
            "close_loop": 1
        },
        "ABC24": {
            "start":[40.225539, 29.073039],
            "waypoints_delay":[[40.225539, 29.073039,1],[40.224555, 29.071634,5]],
            "speed":3,
            "close_loop": 1
        },
        "ABC25": {
            "start":[40.225539, 29.073039],
            "waypoints_delay":[[40.225539, 29.073039,1],[40.224555, 29.071634,5]],
            "speed":3,
            "close_loop": 1
        },
        "ABC26": {
            "start":[40.225539, 29.073039],
            "waypoints_delay":[[40.225539, 29.073039,1],[40.224555, 29.071634,5]],
            "speed":3,
            "close_loop": 1
        },
        "ABC27": {
            "start":[40.225539, 29.073039],
            "waypoints_delay":[[40.225539, 29.073039,1],[40.224555, 29.071634,5]],
            "speed":3,
            "close_loop": 1
        },
        "ABC28": {
            "start":[40.225539, 29.073039],
            "waypoints_delay":[[40.225539, 29.073039,1],[40.225301, 29.071867,5]],
            "speed":3,
            "close_loop": 1
        },
        "ABC29": {
            "start":[40.225539, 29.073039],
            "waypoints_delay":[[40.225539, 29.073039,1],[40.225301, 29.071867,5]],
            "speed":3,
            "close_loop": 1
        },
        "ABC30": {
            "start":[40.225539, 29.073039],
            "waypoints_delay":[[40.225539, 29.073039,1],[40.225301, 29.071867,5]],
            "speed":3,
            "close_loop": 1
        }
    },
    "uavs": {
        "UAV1": {
            "start":[40.225539, 29.073039,968],
            "waypoints_delay":[[40.225539, 29.073039,980,5],[40.224632, 29.073331,980,20]],
            "speed":20,
            "close_loop": 1
        },
        "UAV2": {
            "start":[40.225539, 29.073039,968],
            "waypoints_delay":[[40.225539, 29.073039,980,5],[40.224555, 29.071634,980,20]],
            "speed":20,
            "close_loop": 1
        },
        "UAV3": {
            "start":[40.225539, 29.073039,968],
            "waypoints_delay":[[40.225539, 29.073039,980,5],[40.226184, 29.072641,980,20]],
            "speed":20,
            "close_loop": 1
        },
        "UAV4": {
            "start":[40.225539, 29.073039,968],
            "waypoints_delay":[[40.225539, 29.073039,980,5],[40.226367, 29.073258,980,20]],
            "speed":20,
            "close_loop": 1
        },
        "UAV5": {
            "start":[40.225539, 29.073039,968],
            "waypoints_delay":[[40.225539, 29.073039,980,5],[40.225411, 29.074189,980,20]],
            "speed":20,
            "close_loop": 1
        }

    }

}